kind	symbol	packages	package_list
class	Composer\Composer	42	bamarni/composer-bin-plugin,cakephp/plugin-installer,captainhook/hook-installer,civicrm/composer-downloads-plugin,composer/installers,composer/package-versions-deprecated,cweagans/composer-patches@1,cweagans/composer-patches@2,dealerdirect/phpcodesniffer-composer-installer,drupal/core-composer-scaffold,drupal/core-project-message,drupal/core-vendor-hardening,endroid/installer,ergebnis/composer-normalize,infection/extension-installer,johnpbloch/wordpress-core-installer,laminas/laminas-component-installer,laminas/laminas-dependency-plugin,magento/magento-composer-installer,mcaskill/composer-exclude-files,mnsami/composer-custom-directory-installer,oomphinc/composer-installers-extender,pestphp/pest-plugin,php-http/discovery,phpro/grumphp,phpstan/extension-installer,pyrech/composer-changelogs,ramsey/composer-repl-lib,stubbedev/atlassian-mcp,stubbedev/ds-mcp,stubbedev/jenkins-mcp,stubbedev/laravel-dev-mcp,stubbedev/sentry-mcp,symfony/flex,symfony/runtime,symfony/thanks,tbachert/spi,typo3/class-alias-loader,typo3/cms-composer-installers,vaimo/composer-patches,wikimedia/composer-merge-plugin,yiisoft/yii2-composer,zaporylie/composer-drupal-optimizations
class	Composer\IO\IOInterface	42	bamarni/composer-bin-plugin,cakephp/plugin-installer,captainhook/hook-installer,civicrm/composer-downloads-plugin,composer/installers,composer/package-versions-deprecated,cweagans/composer-patches@1,cweagans/composer-patches@2,dealerdirect/phpcodesniffer-composer-installer,drupal/core-composer-scaffold,drupal/core-project-message,drupal/core-vendor-hardening,endroid/installer,infection/extension-installer,johnpbloch/wordpress-core-installer,laminas/laminas-component-installer,laminas/laminas-dependency-plugin,laravel/framework,magento/magento-composer-installer,mcaskill/composer-exclude-files,mnsami/composer-custom-directory-installer,oomphinc/composer-installers-extender,pestphp/pest-plugin,php-http/discovery,phpro/grumphp,phpstan/extension-installer,pyrech/composer-changelogs,ramsey/composer-repl-lib,stubbedev/atlassian-mcp,stubbedev/ds-mcp,stubbedev/jenkins-mcp,stubbedev/laravel-dev-mcp,stubbedev/sentry-mcp,symfony/flex,symfony/runtime,symfony/thanks,tbachert/spi,typo3/class-alias-loader,typo3/cms-composer-installers,vaimo/composer-patches,wikimedia/composer-merge-plugin,yiisoft/yii2-composer,zaporylie/composer-drupal-optimizations
class	Composer\Plugin\PluginInterface	41	bamarni/composer-bin-plugin,cakephp/plugin-installer,captainhook/hook-installer,civicrm/composer-downloads-plugin,composer/installers,composer/package-versions-deprecated,cweagans/composer-patches@1,cweagans/composer-patches@2,dealerdirect/phpcodesniffer-composer-installer,drupal/core-composer-scaffold,drupal/core-project-message,drupal/core-vendor-hardening,endroid/installer,infection/extension-installer,johnpbloch/wordpress-core-installer,laminas/laminas-component-installer,laminas/laminas-dependency-plugin,magento/magento-composer-installer,mcaskill/composer-exclude-files,mnsami/composer-custom-directory-installer,oomphinc/composer-installers-extender,pestphp/pest-plugin,php-http/discovery,phpro/grumphp,phpstan/extension-installer,pyrech/composer-changelogs,ramsey/composer-repl-lib,stubbedev/atlassian-mcp,stubbedev/ds-mcp,stubbedev/jenkins-mcp,stubbedev/laravel-dev-mcp,stubbedev/sentry-mcp,symfony/flex,symfony/runtime,symfony/thanks,tbachert/spi,typo3/class-alias-loader,typo3/cms-composer-installers,vaimo/composer-patches,wikimedia/composer-merge-plugin,yiisoft/yii2-composer,zaporylie/composer-drupal-optimizations
class	Composer\EventDispatcher\EventSubscriberInterface	35	bamarni/composer-bin-plugin,cakephp/plugin-installer,captainhook/hook-installer,civicrm/composer-downloads-plugin,composer/package-versions-deprecated,cweagans/composer-patches@1,cweagans/composer-patches@2,dealerdirect/phpcodesniffer-composer-installer,drupal/core-composer-scaffold,drupal/core-project-message,drupal/core-vendor-hardening,endroid/installer,infection/extension-installer,laminas/laminas-component-installer,laminas/laminas-dependency-plugin,magento/magento-composer-installer,mcaskill/composer-exclude-files,pestphp/pest-plugin,php-http/discovery,phpro/grumphp,phpstan/extension-installer,pyrech/composer-changelogs,stubbedev/atlassian-mcp,stubbedev/ds-mcp,stubbedev/jenkins-mcp,stubbedev/laravel-dev-mcp,stubbedev/sentry-mcp,symfony/flex,symfony/runtime,symfony/thanks,tbachert/spi,typo3/class-alias-loader,typo3/cms-composer-installers,vaimo/composer-patches,wikimedia/composer-merge-plugin,yiisoft/yii2-composer
class	Composer\Script\ScriptEvents	31	bamarni/composer-bin-plugin,captainhook/hook-installer,civicrm/composer-downloads-plugin,composer/package-versions-deprecated,cweagans/composer-patches@1,dealerdirect/phpcodesniffer-composer-installer,drupal/core-composer-scaffold,drupal/core-project-message,drupal/core-vendor-hardening,endroid/installer,infection/extension-installer,laminas/laminas-dependency-plugin,magento/magento-composer-installer,mcaskill/composer-exclude-files,php-http/discovery,phpro/grumphp,phpstan/extension-installer,pyrech/composer-changelogs,stubbedev/atlassian-mcp,stubbedev/ds-mcp,stubbedev/jenkins-mcp,stubbedev/laravel-dev-mcp,stubbedev/sentry-mcp,symfony/flex,symfony/runtime,symfony/thanks,tbachert/spi,typo3/cms-composer-installers,vaimo/composer-patches,wikimedia/composer-merge-plugin,yiisoft/yii2-composer
class	Composer\Script\Event	26	bamarni/composer-bin-plugin,cakephp/plugin-installer,captainhook/hook-installer,civicrm/composer-downloads-plugin,composer/package-versions-deprecated,cweagans/composer-patches@1,dealerdirect/phpcodesniffer-composer-installer,drupal/core-composer-scaffold,drupal/core-project-message,drupal/core-vendor-hardening,infection/extension-installer,laminas/laminas-dependency-plugin,laravel/framework,magento/magento-composer-installer,php-http/discovery,phpro/grumphp,phpstan/extension-installer,stubbedev/laravel-dev-mcp,symfony/flex,symfony/thanks,tbachert/spi,typo3/class-alias-loader,typo3/cms-composer-installers,vaimo/composer-patches,wikimedia/composer-merge-plugin,yiisoft/yii2-composer
class	Composer\Package\PackageInterface	23	cakephp/plugin-installer,civicrm/composer-downloads-plugin,composer/installers,composer/package-versions-deprecated,cweagans/composer-patches@1,cweagans/composer-patches@2,dealerdirect/phpcodesniffer-composer-installer,drupal/core-composer-scaffold,drupal/core-vendor-hardening,johnpbloch/wordpress-core-installer,laminas/laminas-component-installer,laminas/laminas-dependency-plugin,magento/magento-composer-installer,mcaskill/composer-exclude-files,mnsami/composer-custom-directory-installer,oomphinc/composer-installers-extender,pestphp/pest-plugin,phpro/grumphp,symfony/flex,tbachert/spi,typo3/class-alias-loader,typo3/cms-composer-installers,vaimo/composer-patches,yiisoft/yii2-composer
class	Composer\Installer\PackageEvent	14	civicrm/composer-downloads-plugin,cweagans/composer-patches@1,cweagans/composer-patches@2,drupal/core-composer-scaffold,drupal/core-vendor-hardening,laminas/laminas-component-installer,laminas/laminas-dependency-plugin,laravel/framework,magento/magento-composer-installer,phpro/grumphp,pyrech/composer-changelogs,symfony/flex,vaimo/composer-patches,wikimedia/composer-merge-plugin,yiisoft/yii2-composer
class	Composer\Installer\PackageEvents	14	civicrm/composer-downloads-plugin,cweagans/composer-patches@1,cweagans/composer-patches@2,drupal/core-composer-scaffold,drupal/core-vendor-hardening,laminas/laminas-component-installer,laminas/laminas-dependency-plugin,magento/magento-composer-installer,phpro/grumphp,pyrech/composer-changelogs,symfony/flex,symfony/thanks,vaimo/composer-patches,wikimedia/composer-merge-plugin,yiisoft/yii2-composer
class	Composer\Util\Filesystem	14	civicrm/composer-downloads-plugin,composer/installers,cweagans/composer-patches@2,dealerdirect/phpcodesniffer-composer-installer,drupal/core-composer-scaffold,drupal/core-vendor-hardening,magento/magento-composer-installer,mcaskill/composer-exclude-files,php-http/discovery,phpstan/extension-installer,tbachert/spi,typo3/class-alias-loader,typo3/cms-composer-installers,yiisoft/yii2-composer
class	Composer\Factory	13	bamarni/composer-bin-plugin,cweagans/composer-patches@2,ergebnis/composer-normalize,laminas/laminas-dependency-plugin,magento/magento-composer-installer,php-http/discovery,ramsey/composer-repl-lib,symfony/flex,symfony/runtime,symfony/thanks,vaimo/composer-patches,wikimedia/composer-merge-plugin,zaporylie/composer-drupal-optimizations
class	Symfony\Component\Console\Input\InputInterface	10	bamarni/composer-bin-plugin,cweagans/composer-patches@2,drupal/core-composer-scaffold,laminas/laminas-dependency-plugin,magento/magento-composer-installer,pestphp/pest-plugin,ramsey/composer-repl-lib,symfony/flex,symfony/thanks,vaimo/composer-patches
class	Composer\Command\BaseCommand	9	bamarni/composer-bin-plugin,cweagans/composer-patches@2,drupal/core-composer-scaffold,magento/magento-composer-installer,pestphp/pest-plugin,ramsey/composer-repl-lib,symfony/flex,symfony/thanks,vaimo/composer-patches
class	Composer\Config	10	bamarni/composer-bin-plugin,composer/package-versions-deprecated,johnpbloch/wordpress-core-installer,mcaskill/composer-exclude-files,ramsey/composer-repl-lib,symfony/flex,typo3/class-alias-loader,typo3/cms-composer-installers,vaimo/composer-patches,zaporylie/composer-drupal-optimizations
class	Composer\Package\RootPackageInterface	10	civicrm/composer-downloads-plugin,composer/package-versions-deprecated,dealerdirect/phpcodesniffer-composer-installer,drupal/core-project-message,drupal/core-vendor-hardening,mcaskill/composer-exclude-files,symfony/flex,typo3/cms-composer-installers,vaimo/composer-patches,wikimedia/composer-merge-plugin
class	Symfony\Component\Console\Output\OutputInterface	9	bamarni/composer-bin-plugin,cweagans/composer-patches@2,drupal/core-composer-scaffold,magento/magento-composer-installer,pestphp/pest-plugin,ramsey/composer-repl-lib,symfony/flex,symfony/thanks,vaimo/composer-patches
class	Composer\Json\JsonFile	9	bamarni/composer-bin-plugin,cweagans/composer-patches@2,laminas/laminas-dependency-plugin,magento/magento-composer-installer,php-http/discovery,symfony/flex,symfony/thanks,vaimo/composer-patches,wikimedia/composer-merge-plugin
class	Composer\DependencyResolver\Operation\InstallOperation	7	cweagans/composer-patches@1,cweagans/composer-patches@2,laminas/laminas-component-installer,phpro/grumphp,pyrech/composer-changelogs,symfony/flex,vaimo/composer-patches,wikimedia/composer-merge-plugin
class	Composer\DependencyResolver\Operation\UninstallOperation	6	cweagans/composer-patches@1,cweagans/composer-patches@2,laminas/laminas-component-installer,phpro/grumphp,pyrech/composer-changelogs,symfony/flex,vaimo/composer-patches
class	Composer\DependencyResolver\Operation\UpdateOperation	6	cweagans/composer-patches@1,cweagans/composer-patches@2,laminas/laminas-component-installer,phpro/grumphp,pyrech/composer-changelogs,symfony/flex,yiisoft/yii2-composer
class	Composer\Plugin\Capability\CommandProvider	6	bamarni/composer-bin-plugin,cweagans/composer-patches@2,drupal/core-composer-scaffold,pestphp/pest-plugin,ramsey/composer-repl-lib,vaimo/composer-patches
class	Composer\Plugin\Capable	6	bamarni/composer-bin-plugin,cweagans/composer-patches@2,drupal/core-composer-scaffold,pestphp/pest-plugin,ramsey/composer-repl-lib,vaimo/composer-patches
class	Composer\DependencyResolver\Operation\OperationInterface	5	cweagans/composer-patches@1,cweagans/composer-patches@2,phpro/grumphp,pyrech/composer-changelogs,symfony/flex,vaimo/composer-patches
class	Composer\IO\NullIO	6	bamarni/composer-bin-plugin,cweagans/composer-patches@2,laminas/laminas-component-installer,symfony/flex,typo3/cms-composer-installers,vaimo/composer-patches
class	Composer\Installer\LibraryInstaller	6	composer/installers,johnpbloch/wordpress-core-installer,magento/magento-composer-installer,mnsami/composer-custom-directory-installer,oomphinc/composer-installers-extender,yiisoft/yii2-composer
class	Composer\Package\Version\VersionParser	6	civicrm/composer-downloads-plugin,php-http/discovery,symfony/flex,vaimo/composer-patches,wikimedia/composer-merge-plugin,yiisoft/yii2-composer
class	Composer\Plugin\PluginEvents	6	bamarni/composer-bin-plugin,drupal/core-composer-scaffold,laminas/laminas-dependency-plugin,magento/magento-composer-installer,symfony/flex,wikimedia/composer-merge-plugin
class	Composer\Util\ProcessExecutor	5	cweagans/composer-patches@1,cweagans/composer-patches@2,dealerdirect/phpcodesniffer-composer-installer,drupal/core-composer-scaffold,symfony/flex,vaimo/composer-patches
class	Composer\Console\Application	5	bamarni/composer-bin-plugin,ergebnis/composer-normalize,laminas/laminas-dependency-plugin,symfony/flex,symfony/thanks
class	Composer\InstalledVersions	5	composer/package-versions-deprecated,ergebnis/composer-normalize,ocramius/package-versions,stubbedev/laravel-dev-mcp,tbachert/spi
class	Composer\Package\AliasPackage	5	composer/package-versions-deprecated,cweagans/composer-patches@1,dealerdirect/phpcodesniffer-composer-installer,symfony/flex,vaimo/composer-patches
class	Composer\Package\Package	5	civicrm/composer-downloads-plugin,composer/installers,symfony/flex,tbachert/spi,vaimo/composer-patches
class	Composer\Repository\InstalledRepositoryInterface	5	composer/installers,drupal/core-composer-scaffold,magento/magento-composer-installer,php-http/discovery,yiisoft/yii2-composer
class	Symfony\Component\Console\Input\InputOption	5	magento/magento-composer-installer,ramsey/composer-repl-lib,symfony/flex,symfony/thanks,vaimo/composer-patches
class	Symfony\Component\Process\Process	4	cweagans/composer-patches@1,cweagans/composer-patches@2,magento/magento-composer-installer,phpro/grumphp,ramsey/composer-repl-lib
class	Composer\EventDispatcher\Event	3	cweagans/composer-patches@1,cweagans/composer-patches@2,vaimo/composer-patches,wikimedia/composer-merge-plugin
class	Composer\EventDispatcher\EventDispatcher	4	cweagans/composer-patches@2,magento/magento-composer-installer,vaimo/composer-patches,zaporylie/composer-drupal-optimizations
class	Composer\Semver\Constraint\Constraint	4	composer/installers,drupal/core-composer-scaffold,symfony/flex,zaporylie/composer-drupal-optimizations
class	Composer\Semver\VersionParser	4	symfony/flex,tbachert/spi,vaimo/composer-patches,zaporylie/composer-drupal-optimizations
class	React\Promise\PromiseInterface	4	civicrm/composer-downloads-plugin,composer/installers,magento/magento-composer-installer,yiisoft/yii2-composer
class	Symfony\Component\Console\Input\ArgvInput	4	laminas/laminas-dependency-plugin,symfony/flex,symfony/thanks,vaimo/composer-patches
class	Symfony\Component\Console\Input\ArrayInput	3	cweagans/composer-patches@2,laminas/laminas-dependency-plugin,pestphp/pest-plugin
class	Symfony\Component\Console\Input\InputArgument	4	bamarni/composer-bin-plugin,ramsey/composer-repl-lib,symfony/flex,vaimo/composer-patches
class	Composer\Autoload\ClassLoader	3	composer/installers,typo3/class-alias-loader,typo3/cms-composer-installers
class	Composer\Cache	3	symfony/flex,vaimo/composer-patches,zaporylie/composer-drupal-optimizations
class	Composer\Downloader\TransportException	3	symfony/flex,symfony/thanks,vaimo/composer-patches
class	Composer\Installer	3	php-http/discovery,symfony/flex,wikimedia/composer-merge-plugin
class	Composer\Json\JsonManipulator	3	magento/magento-composer-installer,php-http/discovery,symfony/flex
class	Composer\Package\BasePackage	3	drupal/core-vendor-hardening,symfony/flex,wikimedia/composer-merge-plugin
class	Composer\Package\Locker	3	composer/package-versions-deprecated,php-http/discovery,symfony/flex
class	Composer\Plugin\CommandEvent	3	bamarni/composer-bin-plugin,drupal/core-composer-scaffold,magento/magento-composer-installer
class	Composer\Repository\CompositeRepository	3	laminas/laminas-component-installer,symfony/flex,vaimo/composer-patches
class	Composer\Repository\PlatformRepository	3	laminas/laminas-component-installer,symfony/flex,vaimo/composer-patches
class	Composer\Semver\Constraint\ConstraintInterface	3	phpstan/extension-installer,wikimedia/composer-merge-plugin,zaporylie/composer-drupal-optimizations
class	Composer\Semver\Intervals	3	phpstan/extension-installer,symfony/flex,wikimedia/composer-merge-plugin
class	Composer\Util\HttpDownloader	3	cweagans/composer-patches@2,symfony/flex,symfony/thanks
class	Composer\Util\RemoteFilesystem	3	cweagans/composer-patches@1,symfony/flex,zaporylie/composer-drupal-optimizations
class	Seld\JsonLint\ParsingException	3	bamarni/composer-bin-plugin,cweagans/composer-patches@2,symfony/flex
class	Composer\DependencyResolver\Pool	2	composer/installers,php-http/discovery
class	Composer\EventDispatcher\ScriptExecutionException	2	symfony/flex,vaimo/composer-patches
class	Composer\IO\ConsoleIO	2	bamarni/composer-bin-plugin,vaimo/composer-patches
class	Composer\Installer\InstallerEvent	2	laminas/laminas-dependency-plugin,symfony/flex
class	Composer\Installer\InstallerEvents	2	laminas/laminas-dependency-plugin,symfony/flex
class	Composer\Package\RootPackage	2	vaimo/composer-patches,wikimedia/composer-merge-plugin
class	Composer\Package\Version\VersionSelector	2	php-http/discovery,symfony/flex
class	Composer\Plugin\PrePoolCreateEvent	2	laminas/laminas-dependency-plugin,symfony/flex
class	Composer\Repository\InstalledRepository	2	laminas/laminas-component-installer,vaimo/composer-patches
class	Composer\Repository\RepositoryFactory	2	laminas/laminas-component-installer,zaporylie/composer-drupal-optimizations
class	Composer\Repository\RepositorySet	2	php-http/discovery,symfony/flex
class	Composer\Semver\Constraint\MultiConstraint	2	phpstan/extension-installer,wikimedia/composer-merge-plugin
class	Composer\Util\Platform	2	civicrm/composer-downloads-plugin,tbachert/spi
class	Symfony\Component\Console\Output\ConsoleOutput	1	pestphp/pest-plugin
class	Symfony\Component\Filesystem\Filesystem	2	symfony/flex,symfony/runtime
class	Symfony\Component\Process\PhpExecutableFinder	2	dealerdirect/phpcodesniffer-composer-installer,symfony/flex
class	Composer\Autoload\AutoloadGenerator	1	magento/magento-composer-installer
class	Composer\Autoload\ClassMapGenerator	1	magento/magento-composer-installer
class	Composer\Command\BaseConfigCommand	1	symfony/flex
class	Composer\Command\GlobalCommand	1	symfony/flex
class	Composer\Config\JsonConfigSource	1	symfony/flex
class	Composer\DependencyResolver\Transaction	1	symfony/flex
class	Composer\Downloader\ChangeReportInterface	1	vaimo/composer-patches
class	Composer\Downloader\DownloadManager	1	vaimo/composer-patches
class	Composer\Downloader\FileDownloader	1	vaimo/composer-patches
class	Composer\Downloader\PathDownloader	1	vaimo/composer-patches
class	Composer\Downloader\VcsCapableDownloaderInterface	1	vaimo/composer-patches
class	Composer\Downloader\VcsDownloader	1	magento/magento-composer-installer
class	Composer\Installer\BinaryInstaller	1	composer/installers
class	Composer\Installer\InstallationManager	1	vaimo/composer-patches
class	Composer\Installer\InstallerInterface	1	magento/magento-composer-installer
class	Composer\Installer\MetapackageInstaller	1	symfony/flex
class	Composer\Installer\PluginInstaller	1	mnsami/composer-custom-directory-installer
class	Composer\Installer\SuggestedPackagesReporter	1	symfony/flex
class	Composer\Json\JsonValidationException	1	bamarni/composer-bin-plugin
class	Composer\Package\CompletePackage	1	wikimedia/composer-merge-plugin
class	Composer\Package\Link	1	wikimedia/composer-merge-plugin
class	Composer\Package\Loader\ArrayLoader	1	wikimedia/composer-merge-plugin
class	Composer\Package\RootAliasPackage	1	wikimedia/composer-merge-plugin
class	Composer\Plugin\Capability\Capability	1	cweagans/composer-patches@2
class	Composer\Plugin\PreCommandRunEvent	1	laminas/laminas-dependency-plugin
class	Composer\Repository\ComposerRepository	1	zaporylie/composer-drupal-optimizations
class	Composer\Repository\InstalledArrayRepository	1	laminas/laminas-component-installer
class	Composer\Repository\InstalledFilesystemRepository	1	laminas/laminas-dependency-plugin
class	Composer\Repository\RepositoryInterface	1	laminas/laminas-component-installer
class	Composer\Repository\RepositoryManager	1	zaporylie/composer-drupal-optimizations
class	Composer\Repository\RootPackageRepository	1	laminas/laminas-component-installer
class	Composer\Repository\WritableRepositoryInterface	1	vaimo/composer-patches
class	Composer\Semver\Comparator	1	pyrech/composer-changelogs
class	Composer\Semver\Constraint\EmptyConstraint	1	wikimedia/composer-merge-plugin
class	Composer\Semver\Constraint\MatchAllConstraint	1	symfony/flex
class	Composer\Semver\Semver	1	symfony/flex
class	Composer\Util\Http\Response	1	symfony/flex
class	Composer\Util\Loop	1	symfony/flex
class	React\Promise\all	1	vaimo/composer-patches
class	Seld\JsonLint\JsonParser	1	vaimo/composer-patches
class	Symfony\Component\Console	1	ergebnis/composer-normalize
class	Symfony\Component\Console\Application	1	bamarni/composer-bin-plugin
class	Symfony\Component\Console\Command\Command	1	bamarni/composer-bin-plugin
class	Symfony\Component\Console\Exception\ExceptionInterface	1	symfony/flex
class	Symfony\Component\Console\Exception\RuntimeException	1	symfony/flex
class	Symfony\Component\Console\Input\StringInput	1	bamarni/composer-bin-plugin
class	Symfony\Component\Console\Output\StreamOutput	1	symfony/flex
class	Symfony\Component\Filesystem\Exception\IOException	1	symfony/flex
class	Symfony\Component\Finder\Finder	1	dealerdirect/phpcodesniffer-composer-installer
class	Symfony\Component\Process\Exception\LogicException	1	dealerdirect/phpcodesniffer-composer-installer
class	Symfony\Component\Process\Exception\ProcessFailedException	1	dealerdirect/phpcodesniffer-composer-installer
class	Symfony\Component\Process\Exception\RuntimeException	1	dealerdirect/phpcodesniffer-composer-installer
class	Symfony\Component\Process\ProcessBuilder	1	phpro/grumphp
extends	Composer\Command\BaseCommand	7	bamarni/composer-bin-plugin,cweagans/composer-patches@2,drupal/core-composer-scaffold,pestphp/pest-plugin,ramsey/composer-repl-lib,symfony/flex,symfony/thanks
extends	Composer\Installer\LibraryInstaller	5	composer/installers,johnpbloch/wordpress-core-installer,magento/magento-composer-installer,mnsami/composer-custom-directory-installer,yiisoft/yii2-composer
extends	Composer\EventDispatcher\Event	1	cweagans/composer-patches@1,cweagans/composer-patches@2
extends	Composer\Cache	1	zaporylie/composer-drupal-optimizations
extends	Composer\IO\ConsoleIO	1	bamarni/composer-bin-plugin
extends	Composer\Installer\MetapackageInstaller	1	symfony/flex
extends	Composer\Installer\PluginInstaller	1	mnsami/composer-custom-directory-installer
extends	Composer\Package\Package	1	civicrm/composer-downloads-plugin
extends	Composer\Plugin\Capability\Capability	1	cweagans/composer-patches@2
extends	Composer\Repository\ComposerRepository	1	zaporylie/composer-drupal-optimizations
extends	Composer\Script\Event	1	symfony/flex
extends	Composer\Semver\Constraint\MultiConstraint	1	wikimedia/composer-merge-plugin
extends	Symfony\Component\Process\Process	1	ramsey/composer-repl-lib
implements	Composer\Plugin\PluginInterface	40	bamarni/composer-bin-plugin,cakephp/plugin-installer,captainhook/hook-installer,civicrm/composer-downloads-plugin,composer/installers,composer/package-versions-deprecated,cweagans/composer-patches@1,cweagans/composer-patches@2,dealerdirect/phpcodesniffer-composer-installer,drupal/core-composer-scaffold,drupal/core-project-message,drupal/core-vendor-hardening,endroid/installer,infection/extension-installer,johnpbloch/wordpress-core-installer,laminas/laminas-component-installer,laminas/laminas-dependency-plugin,magento/magento-composer-installer,mcaskill/composer-exclude-files,mnsami/composer-custom-directory-installer,oomphinc/composer-installers-extender,pestphp/pest-plugin,php-http/discovery,phpro/grumphp,phpstan/extension-installer,pyrech/composer-changelogs,ramsey/composer-repl-lib,stubbedev/atlassian-mcp,stubbedev/ds-mcp,stubbedev/jenkins-mcp,stubbedev/laravel-dev-mcp,stubbedev/sentry-mcp,symfony/flex,symfony/runtime,symfony/thanks,tbachert/spi,typo3/class-alias-loader,typo3/cms-composer-installers,wikimedia/composer-merge-plugin,yiisoft/yii2-composer,zaporylie/composer-drupal-optimizations
implements	Composer\EventDispatcher\EventSubscriberInterface	34	bamarni/composer-bin-plugin,cakephp/plugin-installer,captainhook/hook-installer,civicrm/composer-downloads-plugin,composer/package-versions-deprecated,cweagans/composer-patches@1,cweagans/composer-patches@2,dealerdirect/phpcodesniffer-composer-installer,drupal/core-composer-scaffold,drupal/core-project-message,drupal/core-vendor-hardening,endroid/installer,infection/extension-installer,laminas/laminas-component-installer,laminas/laminas-dependency-plugin,magento/magento-composer-installer,mcaskill/composer-exclude-files,pestphp/pest-plugin,php-http/discovery,phpro/grumphp,phpstan/extension-installer,pyrech/composer-changelogs,stubbedev/atlassian-mcp,stubbedev/ds-mcp,stubbedev/jenkins-mcp,stubbedev/laravel-dev-mcp,stubbedev/sentry-mcp,symfony/flex,symfony/runtime,symfony/thanks,tbachert/spi,typo3/class-alias-loader,typo3/cms-composer-installers,wikimedia/composer-merge-plugin,yiisoft/yii2-composer
implements	Composer\Plugin\Capability\CommandProvider	5	bamarni/composer-bin-plugin,cweagans/composer-patches@2,drupal/core-composer-scaffold,pestphp/pest-plugin,ramsey/composer-repl-lib
implements	Composer\Plugin\Capable	5	bamarni/composer-bin-plugin,cweagans/composer-patches@2,drupal/core-composer-scaffold,pestphp/pest-plugin,ramsey/composer-repl-lib
implements	Composer\DependencyResolver\Operation\OperationInterface	1	symfony/flex
implements	Composer\Installer\InstallerInterface	1	magento/magento-composer-installer
implements	Composer\Plugin\Capability\Capability	1	cweagans/composer-patches@2
new	Composer\Util\Filesystem	14	civicrm/composer-downloads-plugin,composer/installers,cweagans/composer-patches@2,dealerdirect/phpcodesniffer-composer-installer,drupal/core-composer-scaffold,drupal/core-vendor-hardening,magento/magento-composer-installer,mcaskill/composer-exclude-files,php-http/discovery,phpstan/extension-installer,tbachert/spi,typo3/class-alias-loader,typo3/cms-composer-installers,yiisoft/yii2-composer
new	Composer\Json\JsonFile	8	bamarni/composer-bin-plugin,cweagans/composer-patches@2,laminas/laminas-dependency-plugin,magento/magento-composer-installer,php-http/discovery,symfony/flex,symfony/thanks,wikimedia/composer-merge-plugin
new	Composer\IO\NullIO	5	bamarni/composer-bin-plugin,cweagans/composer-patches@2,laminas/laminas-component-installer,symfony/flex,typo3/cms-composer-installers
new	Composer\Util\ProcessExecutor	4	cweagans/composer-patches@1,cweagans/composer-patches@2,dealerdirect/phpcodesniffer-composer-installer,drupal/core-composer-scaffold,symfony/flex
new	Composer\Package\Version\VersionParser	4	civicrm/composer-downloads-plugin,php-http/discovery,symfony/flex,wikimedia/composer-merge-plugin
new	Composer\Semver\Constraint\Constraint	4	composer/installers,drupal/core-composer-scaffold,symfony/flex,zaporylie/composer-drupal-optimizations
new	Symfony\Component\Console\Input\ArrayInput	3	cweagans/composer-patches@2,laminas/laminas-dependency-plugin,pestphp/pest-plugin
new	Composer\Console\Application	3	bamarni/composer-bin-plugin,ergebnis/composer-normalize,laminas/laminas-dependency-plugin
new	Composer\DependencyResolver\Operation\UninstallOperation	2	cweagans/composer-patches@1,cweagans/composer-patches@2,vaimo/composer-patches
new	Composer\Json\JsonManipulator	3	magento/magento-composer-installer,php-http/discovery,symfony/flex
new	Composer\Semver\VersionParser	3	symfony/flex,tbachert/spi,zaporylie/composer-drupal-optimizations
new	Composer\EventDispatcher\ScriptExecutionException	2	symfony/flex,vaimo/composer-patches
new	Composer\Package\Locker	2	php-http/discovery,symfony/flex
new	Composer\Package\Package	2	composer/installers,symfony/flex
new	Composer\Package\Version\VersionSelector	2	php-http/discovery,symfony/flex
new	Composer\Repository\CompositeRepository	2	laminas/laminas-component-installer,symfony/flex
new	Composer\Repository\RepositorySet	2	php-http/discovery,symfony/flex
new	Composer\Util\HttpDownloader	2	cweagans/composer-patches@2,symfony/thanks
new	Symfony\Component\Console\Input\InputArgument	2	ramsey/composer-repl-lib,symfony/flex
new	Symfony\Component\Console\Input\InputOption	2	ramsey/composer-repl-lib,symfony/thanks
new	Symfony\Component\Console\Output\ConsoleOutput	1	pestphp/pest-plugin
new	Symfony\Component\Filesystem\Filesystem	2	symfony/flex,symfony/runtime
new	Symfony\Component\Process\PhpExecutableFinder	2	dealerdirect/phpcodesniffer-composer-installer,symfony/flex
new	Composer\Autoload\AutoloadGenerator	1	magento/magento-composer-installer
new	Composer\Cache	1	symfony/flex
new	Composer\Config\JsonConfigSource	1	symfony/flex
new	Composer\DependencyResolver\Operation\InstallOperation	1	symfony/flex
new	Composer\DependencyResolver\Pool	1	php-http/discovery
new	Composer\DependencyResolver\Transaction	1	symfony/flex
new	Composer\Downloader\FileDownloader	1	vaimo/composer-patches
new	Composer\Downloader\TransportException	1	symfony/thanks
new	Composer\EventDispatcher\EventDispatcher	1	magento/magento-composer-installer
new	Composer\Factory	1	ergebnis/composer-normalize
new	Composer\Installer\SuggestedPackagesReporter	1	symfony/flex
new	Composer\Package\Link	1	wikimedia/composer-merge-plugin
new	Composer\Package\Loader\ArrayLoader	1	wikimedia/composer-merge-plugin
new	Composer\Repository\InstalledArrayRepository	1	laminas/laminas-component-installer
new	Composer\Repository\InstalledFilesystemRepository	1	laminas/laminas-dependency-plugin
new	Composer\Repository\InstalledRepository	1	laminas/laminas-component-installer
new	Composer\Repository\PlatformRepository	1	laminas/laminas-component-installer
new	Composer\Repository\RootPackageRepository	1	laminas/laminas-component-installer
new	Composer\Semver\Constraint\EmptyConstraint	1	wikimedia/composer-merge-plugin
new	Composer\Semver\Constraint\MatchAllConstraint	1	symfony/flex
new	Composer\Semver\Constraint\MultiConstraint	1	phpstan/extension-installer
new	Composer\Util\Loop	1	symfony/flex
new	Composer\Util\RemoteFilesystem	1	cweagans/composer-patches@1
new	Symfony\Component\Console	1	ergebnis/composer-normalize
new	Symfony\Component\Console\Exception\RuntimeException	1	symfony/flex
new	Symfony\Component\Console\Input\ArgvInput	1	laminas/laminas-dependency-plugin
new	Symfony\Component\Console\Input\StringInput	1	bamarni/composer-bin-plugin
new	Symfony\Component\Console\Output\StreamOutput	1	symfony/flex
new	Symfony\Component\Finder\Finder	1	dealerdirect/phpcodesniffer-composer-installer
new	Symfony\Component\Process\Process	1	magento/magento-composer-installer
const	Composer\Script\ScriptEvents::POST_UPDATE_CMD	21	captainhook/hook-installer,civicrm/composer-downloads-plugin,dealerdirect/phpcodesniffer-composer-installer,drupal/core-composer-scaffold,drupal/core-vendor-hardening,endroid/installer,infection/extension-installer,magento/magento-composer-installer,php-http/discovery,phpro/grumphp,phpstan/extension-installer,pyrech/composer-changelogs,stubbedev/atlassian-mcp,stubbedev/ds-mcp,stubbedev/jenkins-mcp,stubbedev/laravel-dev-mcp,stubbedev/sentry-mcp,symfony/flex,symfony/thanks,wikimedia/composer-merge-plugin,yiisoft/yii2-composer
const	Composer\Script\ScriptEvents::POST_INSTALL_CMD	19	captainhook/hook-installer,civicrm/composer-downloads-plugin,dealerdirect/phpcodesniffer-composer-installer,drupal/core-composer-scaffold,drupal/core-project-message,drupal/core-vendor-hardening,endroid/installer,infection/extension-installer,magento/magento-composer-installer,phpro/grumphp,phpstan/extension-installer,stubbedev/atlassian-mcp,stubbedev/ds-mcp,stubbedev/jenkins-mcp,stubbedev/laravel-dev-mcp,stubbedev/sentry-mcp,symfony/flex,vaimo/composer-patches,wikimedia/composer-merge-plugin
const	Composer\IO\IOInterface::VERBOSE	9	bamarni/composer-bin-plugin,civicrm/composer-downloads-plugin,cweagans/composer-patches@1,cweagans/composer-patches@2,drupal/core-vendor-hardening,laminas/laminas-dependency-plugin,laravel/framework,symfony/flex,typo3/class-alias-loader,typo3/cms-composer-installers
const	Composer\Installer\PackageEvents::POST_PACKAGE_INSTALL	9	civicrm/composer-downloads-plugin,cweagans/composer-patches@1,cweagans/composer-patches@2,drupal/core-composer-scaffold,drupal/core-vendor-hardening,laminas/laminas-component-installer,phpro/grumphp,pyrech/composer-changelogs,symfony/flex,wikimedia/composer-merge-plugin
const	Composer\Installer\PackageEvents::POST_PACKAGE_UPDATE	8	civicrm/composer-downloads-plugin,cweagans/composer-patches@1,cweagans/composer-patches@2,drupal/core-vendor-hardening,laminas/laminas-component-installer,pyrech/composer-changelogs,symfony/flex,symfony/thanks,yiisoft/yii2-composer
const	Composer\Script\ScriptEvents::PRE_AUTOLOAD_DUMP	7	drupal/core-composer-scaffold,mcaskill/composer-exclude-files,php-http/discovery,tbachert/spi,typo3/cms-composer-installers,vaimo/composer-patches,wikimedia/composer-merge-plugin
const	Composer\Script\ScriptEvents::POST_AUTOLOAD_DUMP	6	bamarni/composer-bin-plugin,composer/package-versions-deprecated,drupal/core-vendor-hardening,laminas/laminas-dependency-plugin,symfony/runtime,typo3/cms-composer-installers
const	Composer\Installer\PackageEvents::PRE_PACKAGE_INSTALL	4	cweagans/composer-patches@1,cweagans/composer-patches@2,drupal/core-vendor-hardening,laminas/laminas-dependency-plugin,phpro/grumphp
const	Composer\Installer\PackageEvents::PRE_PACKAGE_UPDATE	4	cweagans/composer-patches@1,cweagans/composer-patches@2,drupal/core-vendor-hardening,laminas/laminas-dependency-plugin,phpro/grumphp
const	Composer\IO\IOInterface::NORMAL	4	bamarni/composer-bin-plugin,drupal/core-vendor-hardening,laminas/laminas-dependency-plugin,symfony/flex
const	Composer\Installer\PackageEvents::POST_PACKAGE_UNINSTALL	4	laminas/laminas-component-installer,magento/magento-composer-installer,pyrech/composer-changelogs,symfony/flex
const	Composer\Plugin\PluginInterface::PLUGIN_API_VERSION	4	laminas/laminas-dependency-plugin,symfony/thanks,wikimedia/composer-merge-plugin,zaporylie/composer-drupal-optimizations
const	Symfony\Component\Console\Input\InputOption::VALUE_NONE	4	ramsey/composer-repl-lib,symfony/flex,symfony/thanks,vaimo/composer-patches
const	Composer\Plugin\PluginEvents::COMMAND	3	bamarni/composer-bin-plugin,drupal/core-composer-scaffold,magento/magento-composer-installer
const	Composer\Script\ScriptEvents::PRE_UPDATE_CMD	3	cweagans/composer-patches@1,symfony/flex,wikimedia/composer-merge-plugin
const	Symfony\Component\Console\Input\InputArgument::IS_ARRAY	3	ramsey/composer-repl-lib,symfony/flex,vaimo/composer-patches
const	Composer\Config::RELATIVE_PATHS	2	johnpbloch/wordpress-core-installer,typo3/class-alias-loader
const	Composer\Factory::getComposerFile	2	cweagans/composer-patches@2,vaimo/composer-patches
const	Composer\IO\IOInterface::DEBUG	2	cweagans/composer-patches@2,laminas/laminas-dependency-plugin
const	Composer\IO\IOInterface::VERY_VERBOSE	2	civicrm/composer-downloads-plugin,drupal/core-vendor-hardening
const	Composer\Installer\PackageEvents::PRE_PACKAGE_UNINSTALL	2	phpro/grumphp,vaimo/composer-patches
const	Composer\Plugin\PluginEvents::PRE_POOL_CREATE	2	laminas/laminas-dependency-plugin,symfony/flex
const	Composer\Script\ScriptEvents::POST_CREATE_PROJECT_CMD	2	drupal/core-project-message,symfony/flex
const	Composer\Script\ScriptEvents::PRE_INSTALL_CMD	2	cweagans/composer-patches@1,wikimedia/composer-merge-plugin
const	Symfony\Component\Console\Input\InputArgument::OPTIONAL	2	ramsey/composer-repl-lib,symfony/flex
const	Symfony\Component\Console\Input\InputArgument::REQUIRED	2	bamarni/composer-bin-plugin,ramsey/composer-repl-lib
const	Symfony\Component\Console\Input\InputOption::VALUE_IS_ARRAY	2	ramsey/composer-repl-lib,vaimo/composer-patches
const	Symfony\Component\Console\Output\ConsoleOutput::VERBOSITY_NORMAL	1	pestphp/pest-plugin
const	Symfony\Component\Console\Output\OutputInterface::OUTPUT_RAW	2	ramsey/composer-repl-lib,symfony/flex
const	Symfony\Component\Process\Process::ERR	1	cweagans/composer-patches@1,cweagans/composer-patches@2
const	Composer\Composer::VERSION	1	civicrm/composer-downloads-plugin
const	Composer\Composer::getVersion	1	vaimo/composer-patches
const	Composer\Factory::createGlobal	1	vaimo/composer-patches
const	Composer\InstalledVersions::getPrettyVersion	1	stubbedev/laravel-dev-mcp
const	Composer\Installer\InstallerEvents::PRE_DEPENDENCIES_SOLVING	1	laminas/laminas-dependency-plugin
const	Composer\Installer\InstallerEvents::PRE_OPERATIONS_EXEC	1	symfony/flex
const	Composer\Json\JsonFile::LAX_SCHEMA	1	bamarni/composer-bin-plugin
const	Composer\Package\BasePackage::STABILITY_STABLE	1	wikimedia/composer-merge-plugin
const	Composer\Plugin\PluginEvents::INIT	1	wikimedia/composer-merge-plugin
const	Composer\Plugin\PluginEvents::PRE_COMMAND_RUN	1	laminas/laminas-dependency-plugin
const	Composer\Repository\PlatformRepository::PLATFORM_PACKAGE_REGEX	1	symfony/flex
const	Seld\JsonLint\JsonParser::PARSE_TO_ASSOC	1	vaimo/composer-patches
const	Symfony\Component\Console\Command\Command::SUCCESS	1	bamarni/composer-bin-plugin
const	Symfony\Component\Console\Input\InputOption::VALUE_OPTIONAL	1	vaimo/composer-patches
const	Symfony\Component\Console\Input\InputOption::VALUE_REQUIRED	1	ramsey/composer-repl-lib
const	Symfony\Component\Console\Output\OutputInterface::VERBOSITY_QUIET	1	vaimo/composer-patches
static	Composer\Factory::getComposerFile	10	bamarni/composer-bin-plugin,ergebnis/composer-normalize,laminas/laminas-dependency-plugin,magento/magento-composer-installer,php-http/discovery,ramsey/composer-repl-lib,symfony/flex,symfony/runtime,symfony/thanks,wikimedia/composer-merge-plugin
static	Composer\Factory::create	3	php-http/discovery,symfony/flex,wikimedia/composer-merge-plugin
static	Composer\InstalledVersions::getPrettyVersion	3	composer/package-versions-deprecated,ergebnis/composer-normalize,ocramius/package-versions
static	Composer\Factory::createRemoteFilesystem	2	symfony/thanks,zaporylie/composer-drupal-optimizations
static	Composer\InstalledVersions::getReference	2	composer/package-versions-deprecated,ocramius/package-versions
static	Composer\InstalledVersions::getRootPackage	2	composer/package-versions-deprecated,ocramius/package-versions
static	Composer\InstalledVersions::isInstalled	2	ergebnis/composer-normalize,tbachert/spi
static	Composer\Json\JsonFile::parseJson	2	cweagans/composer-patches@2,symfony/flex
static	Composer\Package\Locker::getContentHash	2	php-http/discovery,symfony/flex
static	Composer\Repository\RepositoryFactory::defaultRepos	2	laminas/laminas-component-installer,zaporylie/composer-drupal-optimizations
static	Composer\Util\ProcessExecutor::escape	2	dealerdirect/phpcodesniffer-composer-installer,symfony/flex
static	Composer\Autoload\ClassMapGenerator::createMap	1	magento/magento-composer-installer
static	Composer\Composer::getVersion	1	civicrm/composer-downloads-plugin
static	Composer\Config::disableProcessTimeout	1	ramsey/composer-repl-lib
static	Composer\Factory::createConfig	1	bamarni/composer-bin-plugin
static	Composer\Factory::getLockFile	1	wikimedia/composer-merge-plugin
static	Composer\InstalledVersions::getAllRawData	1	composer/package-versions-deprecated
static	Composer\InstalledVersions::getRawData	1	composer/package-versions-deprecated
static	Composer\InstalledVersions::satisfies	1	tbachert/spi
static	Composer\Installer::create	1	wikimedia/composer-merge-plugin
static	Composer\Installer\LibraryInstaller::getInstallPath	1	oomphinc/composer-installers-extender
static	Composer\Json\JsonFile::encode	1	cweagans/composer-patches@2
static	Composer\Package\Version\VersionParser::isUpgrade	1	yiisoft/yii2-composer
static	Composer\Package\Version\VersionParser::normalizeStability	1	wikimedia/composer-merge-plugin
static	Composer\Package\Version\VersionParser::parseStability	1	wikimedia/composer-merge-plugin
static	Composer\Repository\RepositoryFactory::defaultReposWithDefaultManager	1	laminas/laminas-component-installer
static	Composer\Repository\RepositoryFactory::manager	1	zaporylie/composer-drupal-optimizations
static	Composer\Semver\Comparator::greaterThan	1	pyrech/composer-changelogs
static	Composer\Semver\Intervals::clear	1	wikimedia/composer-merge-plugin
static	Composer\Semver\Intervals::compactConstraint	1	phpstan/extension-installer
static	Composer\Semver\Intervals::haveIntersections	1	symfony/flex
static	Composer\Semver\Intervals::isSubsetOf	1	wikimedia/composer-merge-plugin
static	Composer\Semver\Semver::satisfies	1	symfony/flex
static	Composer\Util\Platform::isWindows	1	civicrm/composer-downloads-plugin
static	Symfony\Component\Process\ProcessBuilder::create	1	phpro/grumphp
method	getPackage	36	bamarni/composer-bin-plugin,cakephp/plugin-installer,captainhook/hook-installer,civicrm/composer-downloads-plugin,composer/installers,composer/package-versions-deprecated,cweagans/composer-patches@1,cweagans/composer-patches@2,dealerdirect/phpcodesniffer-composer-installer,drupal/core-composer-scaffold,drupal/core-project-message,drupal/core-vendor-hardening,endroid/installer,ergebnis/composer-normalize,johnpbloch/wordpress-core-installer,laminas/laminas-component-installer,laminas/laminas-dependency-plugin,laravel/framework,magento/magento-composer-installer,mcaskill/composer-exclude-files,mnsami/composer-custom-directory-installer,oomphinc/composer-installers-extender,pestphp/pest-plugin,php-http/discovery,phpro/grumphp,phpstan/extension-installer,pyrech/composer-changelogs,ramsey/composer-repl-lib,symfony/flex,symfony/runtime,tbachert/spi,typo3/class-alias-loader,typo3/cms-composer-installers,vaimo/composer-patches,wikimedia/composer-merge-plugin,yiisoft/yii2-composer,zaporylie/composer-drupal-optimizations
method	getExtra	35	bamarni/composer-bin-plugin,cakephp/plugin-installer,captainhook/hook-installer,civicrm/composer-downloads-plugin,composer/installers,cweagans/composer-patches@1,cweagans/composer-patches@2,dealerdirect/phpcodesniffer-composer-installer,drupal/core-composer-scaffold,drupal/core-project-message,drupal/core-vendor-hardening,endroid/installer,ergebnis/composer-normalize,infection/extension-installer,johnpbloch/wordpress-core-installer,laminas/laminas-component-installer,magento/magento-composer-installer,mcaskill/composer-exclude-files,mnsami/composer-custom-directory-installer,oomphinc/composer-installers-extender,pestphp/pest-plugin,php-http/discovery,phpro/grumphp,phpstan/extension-installer,pyrech/composer-changelogs,ramsey/composer-repl-lib,symfony/flex,symfony/runtime,symfony/thanks,tbachert/spi,typo3/class-alias-loader,typo3/cms-composer-installers,vaimo/composer-patches,wikimedia/composer-merge-plugin,yiisoft/yii2-composer,zaporylie/composer-drupal-optimizations
method	get	31	bamarni/composer-bin-plugin,cakephp/plugin-installer,captainhook/hook-installer,composer/installers,composer/package-versions-deprecated,cweagans/composer-patches@2,dealerdirect/phpcodesniffer-composer-installer,drupal/core-composer-scaffold,drupal/core-vendor-hardening,johnpbloch/wordpress-core-installer,laminas/laminas-component-installer,laminas/laminas-dependency-plugin,laravel/framework,magento/magento-composer-installer,mcaskill/composer-exclude-files,pestphp/pest-plugin,php-http/discovery,phpro/grumphp,pyrech/composer-changelogs,ramsey/composer-repl-lib,stubbedev/laravel-dev-mcp,symfony/flex,symfony/runtime,symfony/thanks,tbachert/spi,typo3/class-alias-loader,typo3/cms-composer-installers,vaimo/composer-patches,wikimedia/composer-merge-plugin,yiisoft/yii2-composer,zaporylie/composer-drupal-optimizations
method	getConfig	30	cakephp/plugin-installer,captainhook/hook-installer,composer/installers,composer/package-versions-deprecated,cweagans/composer-patches@1,cweagans/composer-patches@2,dealerdirect/phpcodesniffer-composer-installer,drupal/core-composer-scaffold,drupal/core-vendor-hardening,johnpbloch/wordpress-core-installer,laminas/laminas-component-installer,laminas/laminas-dependency-plugin,laravel/framework,magento/magento-composer-installer,mcaskill/composer-exclude-files,pestphp/pest-plugin,php-http/discovery,phpro/grumphp,pyrech/composer-changelogs,ramsey/composer-repl-lib,stubbedev/laravel-dev-mcp,symfony/flex,symfony/runtime,symfony/thanks,tbachert/spi,typo3/class-alias-loader,typo3/cms-composer-installers,vaimo/composer-patches,wikimedia/composer-merge-plugin,yiisoft/yii2-composer,zaporylie/composer-drupal-optimizations
method	write	31	captainhook/hook-installer,civicrm/composer-downloads-plugin,composer/installers,composer/package-versions-deprecated,cweagans/composer-patches@1,cweagans/composer-patches@2,dealerdirect/phpcodesniffer-composer-installer,drupal/core-composer-scaffold,drupal/core-project-message,endroid/installer,ergebnis/composer-normalize,infection/extension-installer,laminas/laminas-component-installer,laminas/laminas-dependency-plugin,laravel/framework,magento/magento-composer-installer,php-http/discovery,phpro/grumphp,phpstan/extension-installer,pyrech/composer-changelogs,ramsey/composer-repl-lib,stubbedev/atlassian-mcp,stubbedev/ds-mcp,stubbedev/jenkins-mcp,stubbedev/laravel-dev-mcp,stubbedev/sentry-mcp,symfony/flex,typo3/class-alias-loader,vaimo/composer-patches,wikimedia/composer-merge-plugin,yiisoft/yii2-composer,zaporylie/composer-drupal-optimizations
method	getRepositoryManager	24	cakephp/plugin-installer,civicrm/composer-downloads-plugin,composer/installers,cweagans/composer-patches@1,cweagans/composer-patches@2,dealerdirect/phpcodesniffer-composer-installer,drupal/core-composer-scaffold,drupal/core-vendor-hardening,endroid/installer,infection/extension-installer,laminas/laminas-component-installer,laminas/laminas-dependency-plugin,magento/magento-composer-installer,mcaskill/composer-exclude-files,pestphp/pest-plugin,php-http/discovery,phpstan/extension-installer,symfony/flex,symfony/thanks,tbachert/spi,typo3/class-alias-loader,typo3/cms-composer-installers,vaimo/composer-patches,wikimedia/composer-merge-plugin,zaporylie/composer-drupal-optimizations
method	getLocalRepository	23	cakephp/plugin-installer,civicrm/composer-downloads-plugin,composer/installers,cweagans/composer-patches@1,cweagans/composer-patches@2,dealerdirect/phpcodesniffer-composer-installer,drupal/core-composer-scaffold,drupal/core-vendor-hardening,endroid/installer,infection/extension-installer,laminas/laminas-component-installer,laminas/laminas-dependency-plugin,magento/magento-composer-installer,mcaskill/composer-exclude-files,pestphp/pest-plugin,php-http/discovery,phpstan/extension-installer,symfony/flex,symfony/thanks,tbachert/spi,typo3/class-alias-loader,typo3/cms-composer-installers,vaimo/composer-patches,zaporylie/composer-drupal-optimizations
method	getName	24	cakephp/plugin-installer,civicrm/composer-downloads-plugin,composer/installers,composer/package-versions-deprecated,cweagans/composer-patches@1,cweagans/composer-patches@2,drupal/core-composer-scaffold,drupal/core-project-message,drupal/core-vendor-hardening,endroid/installer,infection/extension-installer,laminas/laminas-component-installer,laminas/laminas-dependency-plugin,laravel/framework,magento/magento-composer-installer,php-http/discovery,phpstan/extension-installer,pyrech/composer-changelogs,symfony/flex,symfony/thanks,typo3/class-alias-loader,typo3/cms-composer-installers,vaimo/composer-patches,wikimedia/composer-merge-plugin,yiisoft/yii2-composer
method	getComposer	23	bamarni/composer-bin-plugin,cakephp/plugin-installer,civicrm/composer-downloads-plugin,composer/package-versions-deprecated,cweagans/composer-patches@1,dealerdirect/phpcodesniffer-composer-installer,drupal/core-composer-scaffold,infection/extension-installer,laminas/laminas-dependency-plugin,laravel/framework,magento/magento-composer-installer,pestphp/pest-plugin,php-http/discovery,phpro/grumphp,phpstan/extension-installer,ramsey/composer-repl-lib,symfony/flex,symfony/thanks,tbachert/spi,typo3/cms-composer-installers,vaimo/composer-patches,wikimedia/composer-merge-plugin,yiisoft/yii2-composer
method	getInstallationManager	23	civicrm/composer-downloads-plugin,composer/installers,cweagans/composer-patches@1,cweagans/composer-patches@2,dealerdirect/phpcodesniffer-composer-installer,drupal/core-composer-scaffold,drupal/core-vendor-hardening,endroid/installer,infection/extension-installer,johnpbloch/wordpress-core-installer,laminas/laminas-component-installer,laminas/laminas-dependency-plugin,magento/magento-composer-installer,mcaskill/composer-exclude-files,mnsami/composer-custom-directory-installer,oomphinc/composer-installers-extender,php-http/discovery,phpstan/extension-installer,symfony/flex,tbachert/spi,typo3/class-alias-loader,typo3/cms-composer-installers,vaimo/composer-patches,yiisoft/yii2-composer
method	getIO	20	bamarni/composer-bin-plugin,composer/installers,composer/package-versions-deprecated,cweagans/composer-patches@2,dealerdirect/phpcodesniffer-composer-installer,drupal/core-composer-scaffold,ergebnis/composer-normalize,infection/extension-installer,laravel/framework,magento/magento-composer-installer,php-http/discovery,phpro/grumphp,phpstan/extension-installer,symfony/flex,symfony/thanks,tbachert/spi,typo3/cms-composer-installers,vaimo/composer-patches,wikimedia/composer-merge-plugin,yiisoft/yii2-composer
method	writeError	19	bamarni/composer-bin-plugin,composer/installers,drupal/core-composer-scaffold,drupal/core-vendor-hardening,ergebnis/composer-normalize,laravel/framework,magento/magento-composer-installer,phpro/grumphp,pyrech/composer-changelogs,stubbedev/atlassian-mcp,stubbedev/ds-mcp,stubbedev/jenkins-mcp,stubbedev/laravel-dev-mcp,stubbedev/sentry-mcp,symfony/flex,symfony/thanks,typo3/class-alias-loader,typo3/cms-composer-installers,wikimedia/composer-merge-plugin
method	getPackages	15	cakephp/plugin-installer,cweagans/composer-patches@1,cweagans/composer-patches@2,dealerdirect/phpcodesniffer-composer-installer,drupal/core-composer-scaffold,drupal/core-vendor-hardening,endroid/installer,infection/extension-installer,laminas/laminas-dependency-plugin,magento/magento-composer-installer,php-http/discovery,phpstan/extension-installer,symfony/flex,symfony/thanks,tbachert/spi,vaimo/composer-patches
method	getInstallPath	14	civicrm/composer-downloads-plugin,composer/installers,cweagans/composer-patches@1,cweagans/composer-patches@2,dealerdirect/phpcodesniffer-composer-installer,drupal/core-composer-scaffold,drupal/core-vendor-hardening,endroid/installer,infection/extension-installer,laminas/laminas-component-installer,magento/magento-composer-installer,oomphinc/composer-installers-extender,phpstan/extension-installer,tbachert/spi,vaimo/composer-patches
method	getMessage	15	captainhook/hook-installer,cweagans/composer-patches@1,ergebnis/composer-normalize,laminas/laminas-component-installer,laravel/framework,magento/magento-composer-installer,ramsey/composer-repl-lib,stubbedev/atlassian-mcp,stubbedev/ds-mcp,stubbedev/jenkins-mcp,stubbedev/laravel-dev-mcp,stubbedev/sentry-mcp,symfony/flex,vaimo/composer-patches,yiisoft/yii2-composer
method	getOperation	13	civicrm/composer-downloads-plugin,cweagans/composer-patches@1,cweagans/composer-patches@2,drupal/core-composer-scaffold,drupal/core-vendor-hardening,laminas/laminas-component-installer,laminas/laminas-dependency-plugin,laravel/framework,magento/magento-composer-installer,pyrech/composer-changelogs,symfony/flex,vaimo/composer-patches,wikimedia/composer-merge-plugin,yiisoft/yii2-composer
method	getType	13	cakephp/plugin-installer,composer/installers,cweagans/composer-patches@1,cweagans/composer-patches@2,dealerdirect/phpcodesniffer-composer-installer,infection/extension-installer,magento/magento-composer-installer,mnsami/composer-custom-directory-installer,oomphinc/composer-installers-extender,php-http/discovery,phpstan/extension-installer,symfony/flex,typo3/cms-composer-installers,vaimo/composer-patches
method	run	13	bamarni/composer-bin-plugin,cweagans/composer-patches@2,ergebnis/composer-normalize,laminas/laminas-dependency-plugin,laravel/framework,magento/magento-composer-installer,pestphp/pest-plugin,php-http/discovery,phpro/grumphp,ramsey/composer-repl-lib,symfony/flex,typo3/cms-composer-installers,wikimedia/composer-merge-plugin
method	getAutoload	11	cakephp/plugin-installer,drupal/core-composer-scaffold,laminas/laminas-component-installer,mcaskill/composer-exclude-files,php-http/discovery,symfony/flex,tbachert/spi,typo3/class-alias-loader,typo3/cms-composer-installers,vaimo/composer-patches,yiisoft/yii2-composer
method	getTargetPackage	10	civicrm/composer-downloads-plugin,cweagans/composer-patches@1,cweagans/composer-patches@2,drupal/core-composer-scaffold,drupal/core-vendor-hardening,laminas/laminas-component-installer,laminas/laminas-dependency-plugin,phpro/grumphp,pyrech/composer-changelogs,symfony/flex,yiisoft/yii2-composer
method	getVersion	10	civicrm/composer-downloads-plugin,composer/installers,cweagans/composer-patches@1,cweagans/composer-patches@2,laminas/laminas-dependency-plugin,phpstan/extension-installer,pyrech/composer-changelogs,symfony/flex,vaimo/composer-patches,wikimedia/composer-merge-plugin,yiisoft/yii2-composer
method	setDescription	10	bamarni/composer-bin-plugin,cweagans/composer-patches@2,drupal/core-composer-scaffold,ergebnis/composer-normalize,magento/magento-composer-installer,pestphp/pest-plugin,ramsey/composer-repl-lib,symfony/flex,symfony/thanks,vaimo/composer-patches
method	getPrettyName	9	cakephp/plugin-installer,composer/installers,johnpbloch/wordpress-core-installer,magento/magento-composer-installer,mnsami/composer-custom-directory-installer,ramsey/composer-repl-lib,symfony/flex,vaimo/composer-patches,yiisoft/yii2-composer
method	isVerbose	8	cweagans/composer-patches@1,cweagans/composer-patches@2,dealerdirect/phpcodesniffer-composer-installer,magento/magento-composer-installer,phpro/grumphp,symfony/flex,vaimo/composer-patches,wikimedia/composer-merge-plugin,zaporylie/composer-drupal-optimizations
method	setName	8	cweagans/composer-patches@2,drupal/core-composer-scaffold,magento/magento-composer-installer,pestphp/pest-plugin,ramsey/composer-repl-lib,symfony/flex,symfony/thanks,vaimo/composer-patches
method	findPackage	8	composer/installers,cweagans/composer-patches@1,drupal/core-composer-scaffold,laminas/laminas-component-installer,laminas/laminas-dependency-plugin,php-http/discovery,symfony/flex,vaimo/composer-patches
method	getCanonicalPackages	7	civicrm/composer-downloads-plugin,mcaskill/composer-exclude-files,pestphp/pest-plugin,tbachert/spi,typo3/class-alias-loader,typo3/cms-composer-installers,vaimo/composer-patches
method	getEventDispatcher	7	cweagans/composer-patches@1,cweagans/composer-patches@2,drupal/core-composer-scaffold,php-http/discovery,symfony/flex,typo3/cms-composer-installers,vaimo/composer-patches,zaporylie/composer-drupal-optimizations
method	normalizePath	8	dealerdirect/phpcodesniffer-composer-installer,drupal/core-composer-scaffold,mcaskill/composer-exclude-files,php-http/discovery,tbachert/spi,typo3/class-alias-loader,typo3/cms-composer-installers,yiisoft/yii2-composer
method	read	8	bamarni/composer-bin-plugin,cweagans/composer-patches@2,laminas/laminas-dependency-plugin,magento/magento-composer-installer,symfony/flex,symfony/thanks,vaimo/composer-patches,wikimedia/composer-merge-plugin
method	addInstaller	7	composer/installers,johnpbloch/wordpress-core-installer,magento/magento-composer-installer,mnsami/composer-custom-directory-installer,oomphinc/composer-installers-extender,symfony/flex,yiisoft/yii2-composer
method	execute	6	cweagans/composer-patches@1,cweagans/composer-patches@2,dealerdirect/phpcodesniffer-composer-installer,drupal/core-composer-scaffold,ramsey/composer-repl-lib,symfony/flex,vaimo/composer-patches
method	getPrettyVersion	7	civicrm/composer-downloads-plugin,composer/package-versions-deprecated,pyrech/composer-changelogs,symfony/flex,vaimo/composer-patches,wikimedia/composer-merge-plugin,yiisoft/yii2-composer
method	getRequires	7	laminas/laminas-component-installer,php-http/discovery,phpstan/extension-installer,symfony/flex,vaimo/composer-patches,wikimedia/composer-merge-plugin,zaporylie/composer-drupal-optimizations
method	isAbsolutePath	7	composer/installers,dealerdirect/phpcodesniffer-composer-installer,drupal/core-composer-scaffold,phpstan/extension-installer,symfony/flex,symfony/runtime,yiisoft/yii2-composer
method	remove	7	civicrm/composer-downloads-plugin,drupal/core-composer-scaffold,drupal/core-vendor-hardening,laminas/laminas-component-installer,magento/magento-composer-installer,symfony/flex,tbachert/spi
method	setAutoload	7	cakephp/plugin-installer,drupal/core-composer-scaffold,mcaskill/composer-exclude-files,php-http/discovery,tbachert/spi,typo3/class-alias-loader,typo3/cms-composer-installers
method	ensureDirectoryExists	6	drupal/core-composer-scaffold,magento/magento-composer-installer,php-http/discovery,tbachert/spi,typo3/class-alias-loader,typo3/cms-composer-installers
method	getAutoloadGenerator	6	mcaskill/composer-exclude-files,php-http/discovery,symfony/flex,tbachert/spi,typo3/class-alias-loader,typo3/cms-composer-installers
method	normalize	6	civicrm/composer-downloads-plugin,ergebnis/composer-normalize,symfony/flex,vaimo/composer-patches,wikimedia/composer-merge-plugin,zaporylie/composer-drupal-optimizations
method	parseConstraints	6	php-http/discovery,symfony/flex,tbachert/spi,vaimo/composer-patches,wikimedia/composer-merge-plugin,zaporylie/composer-drupal-optimizations
method	wait	5	civicrm/composer-downloads-plugin,cweagans/composer-patches@1,cweagans/composer-patches@2,ramsey/composer-repl-lib,symfony/flex,vaimo/composer-patches
method	exists	5	bamarni/composer-bin-plugin,cweagans/composer-patches@2,symfony/flex,symfony/thanks,vaimo/composer-patches
method	getDownloadManager	5	civicrm/composer-downloads-plugin,magento/magento-composer-installer,php-http/discovery,symfony/flex,vaimo/composer-patches
method	getLocker	5	composer/package-versions-deprecated,ergebnis/composer-normalize,php-http/discovery,symfony/flex,wikimedia/composer-merge-plugin
method	getLoop	4	civicrm/composer-downloads-plugin,cweagans/composer-patches@1,cweagans/composer-patches@2,symfony/flex,vaimo/composer-patches
method	getPath	5	cweagans/composer-patches@2,dealerdirect/phpcodesniffer-composer-installer,magento/magento-composer-installer,pyrech/composer-changelogs,symfony/flex
method	isDevMode	5	laminas/laminas-component-installer,laravel/framework,symfony/flex,vaimo/composer-patches,wikimedia/composer-merge-plugin
method	setAliases	5	cweagans/composer-patches@2,drupal/core-composer-scaffold,ramsey/composer-repl-lib,symfony/flex,wikimedia/composer-merge-plugin
method	setDefinition	5	ergebnis/composer-normalize,magento/magento-composer-installer,ramsey/composer-repl-lib,symfony/flex,symfony/thanks
method	buildPackageMap	4	mcaskill/composer-exclude-files,tbachert/spi,typo3/class-alias-loader,typo3/cms-composer-installers
method	copy	3	cweagans/composer-patches@1,cweagans/composer-patches@2,endroid/installer,phpro/grumphp
method	dispatch	3	cweagans/composer-patches@1,cweagans/composer-patches@2,laravel/framework,vaimo/composer-patches
method	findShortestPath	4	dealerdirect/phpcodesniffer-composer-installer,drupal/core-composer-scaffold,magento/magento-composer-installer,phpstan/extension-installer
method	getAliasOf	4	composer/package-versions-deprecated,symfony/flex,vaimo/composer-patches,wikimedia/composer-merge-plugin
method	getConstraint	4	phpstan/extension-installer,symfony/flex,wikimedia/composer-merge-plugin,zaporylie/composer-drupal-optimizations
method	getContents	4	magento/magento-composer-installer,php-http/discovery,symfony/flex,symfony/thanks
method	getDevRequires	4	laminas/laminas-component-installer,php-http/discovery,symfony/flex,vaimo/composer-patches
method	getErrorOutput	3	cweagans/composer-patches@1,cweagans/composer-patches@2,phpro/grumphp,symfony/flex
method	getFullPrettyVersion	4	infection/extension-installer,phpstan/extension-installer,pyrech/composer-changelogs,symfony/flex
method	getInstaller	3	cweagans/composer-patches@1,cweagans/composer-patches@2,magento/magento-composer-installer,vaimo/composer-patches
method	getLockData	4	composer/package-versions-deprecated,cweagans/composer-patches@2,php-http/discovery,symfony/flex
method	getPrettyConstraint	4	composer/package-versions-deprecated,symfony/flex,vaimo/composer-patches,wikimedia/composer-merge-plugin
method	install	4	captainhook/hook-installer,civicrm/composer-downloads-plugin,symfony/flex,vaimo/composer-patches
method	isLocked	4	cweagans/composer-patches@2,ergebnis/composer-normalize,php-http/discovery,wikimedia/composer-merge-plugin
method	merge	4	bamarni/composer-bin-plugin,laminas/laminas-component-installer,typo3/cms-composer-installers,vaimo/composer-patches
method	register	4	laravel/framework,tbachert/spi,typo3/class-alias-loader,typo3/cms-composer-installers
method	requireComposer	4	bamarni/composer-bin-plugin,cweagans/composer-patches@2,drupal/core-composer-scaffold,ramsey/composer-repl-lib
method	setComposer	3	bamarni/composer-bin-plugin,pestphp/pest-plugin,ramsey/composer-repl-lib
method	uninstall	3	cweagans/composer-patches@1,cweagans/composer-patches@2,laminas/laminas-dependency-plugin,vaimo/composer-patches
method	add	3	phpro/grumphp,ramsey/composer-repl-lib,symfony/flex
method	addArgument	3	bamarni/composer-bin-plugin,symfony/flex,vaimo/composer-patches
method	addLink	3	magento/magento-composer-installer,php-http/discovery,symfony/flex
method	addPackage	3	magento/magento-composer-installer,symfony/flex,yiisoft/yii2-composer
method	ask	3	composer/installers,laminas/laminas-component-installer,magento/magento-composer-installer
method	askConfirmation	3	magento/magento-composer-installer,pyrech/composer-changelogs,symfony/flex
method	create	3	drupal/core-composer-scaffold,magento/magento-composer-installer,vaimo/composer-patches
method	download	3	civicrm/composer-downloads-plugin,cweagans/composer-patches@2,vaimo/composer-patches
method	find	3	dealerdirect/phpcodesniffer-composer-installer,symfony/flex,symfony/thanks
method	getApplication	3	bamarni/composer-bin-plugin,cweagans/composer-patches@2,ramsey/composer-repl-lib
method	getCommandName	3	bamarni/composer-bin-plugin,drupal/core-composer-scaffold,magento/magento-composer-installer
method	getInitialPackage	3	laminas/laminas-component-installer,pyrech/composer-changelogs,yiisoft/yii2-composer
method	getOperations	3	cweagans/composer-patches@1,phpro/grumphp,symfony/flex
method	getOptions	3	drupal/core-composer-scaffold,symfony/flex,vaimo/composer-patches
method	getOutput	3	bamarni/composer-bin-plugin,phpro/grumphp,pyrech/composer-changelogs
method	getPrettyString	3	symfony/flex,tbachert/spi,wikimedia/composer-merge-plugin
method	getRepositories	3	symfony/flex,symfony/thanks,wikimedia/composer-merge-plugin
method	getTarget	3	composer/package-versions-deprecated,symfony/flex,wikimedia/composer-merge-plugin
method	getTargetDir	3	civicrm/composer-downloads-plugin,magento/magento-composer-installer,mcaskill/composer-exclude-files
method	has	3	laminas/laminas-component-installer,symfony/flex,symfony/thanks
method	isDecorated	3	captainhook/hook-installer,phpro/grumphp,symfony/flex
method	isEmpty	3	laminas/laminas-component-installer,mcaskill/composer-exclude-files,pyrech/composer-changelogs
method	isInteractive	3	composer/installers,phpro/grumphp,symfony/flex
method	removeDirectory	3	composer/installers,cweagans/composer-patches@2,magento/magento-composer-installer
method	removeInstaller	3	composer/installers,mnsami/composer-custom-directory-installer,yiisoft/yii2-composer
method	setAutoExit	3	cweagans/composer-patches@2,ergebnis/composer-normalize,laminas/laminas-dependency-plugin
method	setExtra	3	cweagans/composer-patches@1,vaimo/composer-patches,wikimedia/composer-merge-plugin
method	setHelp	3	drupal/core-composer-scaffold,magento/magento-composer-installer,ramsey/composer-repl-lib
method	warning	3	tbachert/spi,typo3/cms-composer-installers,wikimedia/composer-merge-plugin
method	__construct	2	php-http/discovery,symfony/flex
method	addOption	2	symfony/flex,vaimo/composer-patches
method	addRepository	2	laminas/laminas-component-installer,symfony/flex
method	all	2	bamarni/composer-bin-plugin,symfony/flex
method	createLoader	2	tbachert/spi,typo3/cms-composer-installers
method	debug	2	tbachert/spi,wikimedia/composer-merge-plugin
method	dispatchScript	2	drupal/core-composer-scaffold,vaimo/composer-patches
method	findRecommendedRequireVersion	2	php-http/discovery,symfony/flex
method	getDefinition	2	symfony/flex,vaimo/composer-patches
method	getDescription	2	drupal/core-project-message,wikimedia/composer-merge-plugin
method	getDevPackageNames	2	php-http/discovery,symfony/flex
method	getHeader	2	symfony/flex,vaimo/composer-patches
method	getHttpDownloader	2	symfony/flex,vaimo/composer-patches
method	getInput	2	bamarni/composer-bin-plugin,laminas/laminas-dependency-plugin
method	getLockFile	2	cweagans/composer-patches@2,vaimo/composer-patches
method	getMinimumStability	2	symfony/flex,wikimedia/composer-merge-plugin
method	getNames	2	php-http/discovery,phpro/grumphp
method	getOperationType	2	drupal/core-composer-scaffold,symfony/flex
method	getProcessExecutor	2	symfony/flex,vaimo/composer-patches
method	getRequest	2	laminas/laminas-dependency-plugin,symfony/flex
method	getSourceReference	2	composer/package-versions-deprecated,drupal/core-composer-scaffold
method	getSourceUrl	2	pyrech/composer-changelogs,symfony/thanks
method	getStabilityFlags	2	symfony/flex,wikimedia/composer-merge-plugin
method	info	2	tbachert/spi,wikimedia/composer-merge-plugin
method	load	2	vaimo/composer-patches,wikimedia/composer-merge-plugin
method	log	2	bamarni/composer-bin-plugin,wikimedia/composer-merge-plugin
method	parseAutoloads	2	tbachert/spi,typo3/cms-composer-installers
method	removePackage	2	symfony/flex,yiisoft/yii2-composer
method	removeSubNode	2	php-http/discovery,symfony/flex
method	rename	2	civicrm/composer-downloads-plugin,magento/magento-composer-installer
method	set	2	laminas/laminas-component-installer,symfony/flex
method	setApplication	2	bamarni/composer-bin-plugin,ramsey/composer-repl-lib
method	setDistType	2	civicrm/composer-downloads-plugin,vaimo/composer-patches
method	setDistUrl	2	civicrm/composer-downloads-plugin,vaimo/composer-patches
method	setInstallationSource	2	civicrm/composer-downloads-plugin,vaimo/composer-patches
method	setPackages	2	laminas/laminas-dependency-plugin,symfony/flex
method	setPlatformRequirementFilter	2	php-http/discovery,symfony/flex
method	setTargetDir	2	civicrm/composer-downloads-plugin,vaimo/composer-patches
method	stopPropagation	2	php-http/discovery,symfony/flex
method	unregister	2	tbachert/spi,typo3/cms-composer-installers
method	__toString	1	bamarni/composer-bin-plugin
method	activate	1	laminas/laminas-dependency-plugin
method	addMainKey	1	symfony/flex
method	addSubNode	1	symfony/flex
method	addSubscriber	1	typo3/cms-composer-installers
method	askAndValidate	1	symfony/flex
method	build	1	pyrech/composer-changelogs
method	call	1	symfony/thanks
method	collect	1	vaimo/composer-patches
method	count	1	laminas/laminas-component-installer
method	createComposer	1	ergebnis/composer-normalize
method	createRepository	1	wikimedia/composer-merge-plugin
method	default	1	drupal/core-composer-scaffold
method	disable	1	symfony/flex
method	escape	1	drupal/core-composer-scaffold
method	extractReferences	1	wikimedia/composer-merge-plugin
method	filePutContentsIfModified	1	tbachert/spi
method	filter	1	laminas/laminas-component-installer
method	findPackages	1	dealerdirect/phpcodesniffer-composer-installer
method	findPackagesWithReplacersAndProviders	1	laminas/laminas-component-installer
method	findShortestPathCode	1	typo3/cms-composer-installers
method	format	1	symfony/flex
method	getAliases	1	symfony/flex
method	getArguments	1	tbachert/spi
method	getAuthentication	1	symfony/flex
method	getBinaries	1	drupal/core-vendor-hardening
method	getBody	1	symfony/flex
method	getCapabilities	1	cweagans/composer-patches@2
method	getChecksum	1	civicrm/composer-downloads-plugin
method	getCode	1	vaimo/composer-patches
method	getCommand	1	laminas/laminas-dependency-plugin
method	getContext	1	ramsey/composer-repl-lib
method	getDependents	1	vaimo/composer-patches
method	getDevAutoload	1	cakephp/plugin-installer
method	getDevMode	1	symfony/flex
method	getDistUrl	1	civicrm/composer-downloads-plugin
method	getDownloaderForPackage	1	vaimo/composer-patches
method	getFile	1	magento/magento-composer-installer
method	getFixedOrLockedPackages	1	symfony/flex
method	getFlags	1	wikimedia/composer-merge-plugin
method	getHeaders	1	symfony/flex
method	getHomepage	1	drupal/core-project-message
method	getInstalledPackages	1	drupal/core-vendor-hardening
method	getLine	1	magento/magento-composer-installer
method	getLocalChanges	1	vaimo/composer-patches
method	getLockedRepository	1	symfony/flex
method	getOrigin	1	symfony/flex
method	getPluginCapabilities	1	cweagans/composer-patches@2
method	getPluginManager	1	cweagans/composer-patches@2
method	getPlugins	1	cweagans/composer-patches@2
method	getPrevious	1	vaimo/composer-patches
method	getReleaseDate	1	symfony/flex
method	getReplaces	1	composer/package-versions-deprecated
method	getRepository	1	laminas/laminas-component-installer
method	getScripts	1	wikimedia/composer-merge-plugin
method	getSource	1	wikimedia/composer-merge-plugin
method	getStability	1	symfony/flex
method	getStatusCode	1	symfony/flex
method	getStream	1	symfony/flex
method	getSuggests	1	wikimedia/composer-merge-plugin
method	getSupport	1	drupal/core-project-message
method	getTraceAsString	1	vaimo/composer-patches
method	getTransaction	1	symfony/flex
method	getUnacceptableFixedPackages	1	laminas/laminas-dependency-plugin
method	getUniqueName	1	drupal/core-composer-scaffold
method	getUpdateAllowList	1	wikimedia/composer-merge-plugin
method	getWarnings	1	pyrech/composer-changelogs
method	hasPackage	1	laminas/laminas-component-installer
method	ignoreValidationErrors	1	bamarni/composer-bin-plugin
method	initOptions	1	symfony/flex
method	initialize	1	symfony/flex
method	isDebug	1	magento/magento-composer-installer
method	isEnabled	1	symfony/flex
method	isExecutingOperations	1	symfony/flex
method	isFresh	1	ergebnis/composer-normalize
method	isPackageInstalled	1	symfony/flex
method	isVeryVerbose	1	wikimedia/composer-merge-plugin
method	jsonSerialize	1	cweagans/composer-patches@2
method	loadClass	1	typo3/class-alias-loader
method	loadPackages	1	symfony/flex
method	mergeApplicationDefinition	1	symfony/flex
method	output	1	laminas/laminas-dependency-plugin
method	overwrite	1	drupal/core-composer-scaffold
method	parseJson	1	symfony/flex
method	parseNameVersionPairs	1	symfony/flex
method	prependRepository	1	wikimedia/composer-merge-plugin
method	push	1	vaimo/composer-patches
method	realpath	1	typo3/cms-composer-installers
method	relativeSymlink	1	drupal/core-composer-scaffold
method	removeLink	1	symfony/flex
method	reset	1	vaimo/composer-patches
method	resetComposer	1	bamarni/composer-bin-plugin
method	sanitize	1	vaimo/composer-patches
method	select	1	symfony/flex
method	setAudit	1	php-http/discovery
method	setBinaries	1	drupal/core-vendor-hardening
method	setConfig	1	magento/magento-composer-installer
method	setDevAutoload	1	cakephp/plugin-installer
method	setDevMode	1	wikimedia/composer-merge-plugin
method	setDevPackageNames	1	symfony/flex
method	setDistSha1Checksum	1	vaimo/composer-patches
method	setDumpAutoloader	1	wikimedia/composer-merge-plugin
method	setIO	1	bamarni/composer-bin-plugin
method	setLocalRepository	1	zaporylie/composer-drupal-optimizations
method	setLockData	1	cweagans/composer-patches@2
method	setLocker	1	symfony/flex
method	setOptimizeAutoloader	1	wikimedia/composer-merge-plugin
method	setOptions	1	vaimo/composer-patches
method	setPreferDist	1	wikimedia/composer-merge-plugin
method	setPreferSource	1	wikimedia/composer-merge-plugin
method	setReferences	1	wikimedia/composer-merge-plugin
method	setRepositories	1	wikimedia/composer-merge-plugin
method	setRepositoryClass	1	zaporylie/composer-drupal-optimizations
method	setRepositoryManager	1	zaporylie/composer-drupal-optimizations
method	setScripts	1	wikimedia/composer-merge-plugin
method	setStabilityFlags	1	wikimedia/composer-merge-plugin
method	setSuggestedPackagesReporter	1	symfony/flex
method	setSuggests	1	wikimedia/composer-merge-plugin
method	setTimeout	1	ramsey/composer-repl-lib
method	setUnacceptableFixedPackages	1	laminas/laminas-dependency-plugin
method	setUpdate	1	wikimedia/composer-merge-plugin
method	setUpdateAllowList	1	wikimedia/composer-merge-plugin
method	show	1	symfony/flex
method	sortPackages	1	magento/magento-composer-installer
method	splitLines	1	symfony/flex
method	supports	1	pyrech/composer-changelogs
method	toString	1	ergebnis/composer-normalize
method	update	1	symfony/flex
method	validateSchema	1	bamarni/composer-bin-plugin
method	versionCompare	1	yiisoft/yii2-composer
method	whatProvides	1	laminas/laminas-component-installer
method	writeRaw	1	vaimo/composer-patches
